{"cameraMode":{"drawMode":0,"name":"Shaded","section":"Shading Mode"},"sceneLighting":true,"audioPlay":false,"sceneViewState":{"m_AlwaysRefresh":false,"showFog":true,"showSkybox":false,"showFlares":true,"showImageEffects":true,"showParticleSystems":true,"showVisualEffectGraphs":true,"m_FxEnabled":true},"in2DMode":false,"pivot":{"x":0.17834681272506715,"y":0.2068416178226471,"z":-0.1914576292037964},"rotation":{"x":0.06655065715312958,"y":-0.18744827806949616,"z":0.012730696238577366,"w":0.9799250960350037},"size":0.9872367978096008,"orthographic":false}