{"cameraMode":{"drawMode":0,"name":"Shaded","section":"Shading Mode"},"sceneLighting":false,"audioPlay":false,"sceneViewState":{"m_AlwaysRefresh":false,"showFog":true,"showSkybox":false,"showFlares":true,"showImageEffects":true,"showParticleSystems":true,"showVisualEffectGraphs":true,"m_FxEnabled":true},"in2DMode":false,"pivot":{"x":-1.0160990953445435,"y":-2.3896994590759279,"z":-1.441713809967041},"rotation":{"x":0.07074177265167237,"y":0.01645551435649395,"z":-0.0011683774646371604,"w":0.9973413348197937},"size":11.935215950012207,"orthographic":false}