{"cameraMode":{"drawMode":0,"name":"Shaded","section":"Shading Mode"},"sceneLighting":false,"audioPlay":false,"sceneViewState":{"m_AlwaysRefresh":false,"showFog":true,"showSkybox":false,"showFlares":true,"showImageEffects":true,"showParticleSystems":true,"showVisualEffectGraphs":true,"m_FxEnabled":true},"in2DMode":false,"pivot":{"x":-1.4901161193847657e-8,"y":0.4979974627494812,"z":0.010256879031658173},"rotation":{"x":0.25838133692741396,"y":0.6465826034545898,"z":-0.24804195761680604,"w":0.6735185980796814},"size":0.5938408970832825,"orthographic":false}