{"cameraMode":{"drawMode":0,"name":"Shaded","section":"Shading Mode"},"sceneLighting":false,"audioPlay":false,"sceneViewState":{"m_AlwaysRefresh":false,"showFog":true,"showSkybox":false,"showFlares":true,"showImageEffects":true,"showParticleSystems":true,"showVisualEffectGraphs":true,"m_FxEnabled":true},"in2DMode":false,"pivot":{"x":0.2919372320175171,"y":0.2651219367980957,"z":0.002839326858520508},"rotation":{"x":0.32728931307792666,"y":0.32097405195236208,"z":-0.11927886307239533,"w":0.880687952041626},"size":0.6429407596588135,"orthographic":false}